model_name,index,batch_size,optimizer,learning_rate,time_start,time_end,train_loss,train_accuracy,train_precision_macro_avg,train_recall_macro_avg,train_f1_score_macro_avg,val_loss,val_accuracy,val_precision_macro_avg,val_recall_macro_avg,val_f1_score_macro_avg,test_loss,test_accuracy,test_precision_macro_avg,test_recall_macro_avg,test_f1_score_macro_avg
rajpurkar,0,16,sgd,0.001,2023-09-24T13:32:07.480423,2023-09-24T13:38:47.946096,0.5030345320701599,0.5095463395118713,0.5090749597788771,0.2371993304459777,0.2055729228728476,0.5179800391197205,0.4995083510875702,0.4572500374758296,0.2283051518272456,0.1865445515531817,0.5169913172721863,0.4965853691101074,0.4230969619085694,0.2256065238320047,0.1841139235252201
ribeiro,1,16,sgd,0.001,2023-09-24T13:39:06.132249,2023-09-24T13:48:45.374208,0.3184715807437897,0.7322119474411011,0.7873000564022248,0.5722743039071452,0.6303094569272665,0.3645256161689758,0.7094395160675049,0.7381463065048088,0.5385170953667859,0.5895713778137871,0.3735799193382263,0.712195098400116,0.7426214819980641,0.5289971795532662,0.5826161489908014
rajpurkar,2,16,sgd,0.01,2023-09-24T13:48:56.370831,2023-09-24T14:01:46.139291,0.2109698355197906,0.8020750284194946,0.8642402458369862,0.6637830059087284,0.716964178044595,0.3163348436355591,0.7418879270553589,0.7580451957543803,0.5680365067965312,0.6141094221820838,0.3235727548599243,0.7512195110321045,0.7780130602888414,0.573243962734047,0.618082446060874
ribeiro,3,16,sgd,0.01,2023-09-24T14:02:02.861440,2023-09-24T14:05:16.043539,0.2519569396972656,0.7689852118492126,0.8096910772972314,0.636995410662418,0.6961049782171628,0.309529036283493,0.737463116645813,0.7498970009737759,0.5802409523965675,0.6341493771623588,0.3181867897510528,0.7346341609954834,0.7173967026684676,0.5649528376025855,0.6146453636120593
rajpurkar,4,16,sgd,0.1,2023-09-24T14:05:26.656810,2023-09-24T14:11:47.433044,0.2812068164348602,0.7273006439208984,0.8097699203708368,0.5930306132317019,0.6273563968737987,0.3383835554122925,0.6932153105735779,0.742650542866051,0.5490071575287455,0.5816926442964032,0.3439764976501465,0.6902438998222351,0.7497651071217207,0.5426463070030118,0.5731882533716274
ribeiro,5,16,sgd,0.1,2023-09-24T14:12:04.258641,2023-09-24T14:14:28.453465,0.2455616593360901,0.7776413559913635,0.8071794595347315,0.6511418877679378,0.7019276367219348,0.3228757083415985,0.7423795461654663,0.7436930728081472,0.5803903998764699,0.6250784505639191,0.3379159271717071,0.7297561168670654,0.722784095237756,0.5689695359605821,0.6087080563361145
rajpurkar,6,16,rmsprop,0.001,2023-09-24T14:14:39.119300,2023-09-24T14:23:27.240397,0.2276004999876022,0.7764135599136353,0.8112338447837427,0.6820494844799101,0.7377009147620684,0.2603439688682556,0.7556538581848145,0.765689286460145,0.6377297166655367,0.6918858874797866,0.2679951190948486,0.7536585330963135,0.763199807231756,0.630397669899442,0.6847397326499879
ribeiro,7,16,rmsprop,0.001,2023-09-24T14:23:43.831010,2023-09-24T14:25:56.130982,0.2633553445339203,0.7858063578605652,0.7605569973074882,0.6510034514883485,0.6920612854715877,0.2953958809375763,0.7561455368995667,0.7314330192287362,0.6146426789967998,0.6552402897308977,0.3188772797584533,0.7507317066192627,0.7094421698110926,0.5903822753321071,0.6319195674665574
rajpurkar,8,16,rmsprop,0.01,2023-09-24T14:26:06.653108,2023-09-24T14:41:34.050547,0.200797364115715,0.7621707916259766,0.8016226753048115,0.7151156489020487,0.7529398277817343,0.2762233912944793,0.7138643264770508,0.7230756187722112,0.6302410063825967,0.670506480754881,0.281857967376709,0.7209756374359131,0.7228536895172286,0.6312647268225693,0.6697439225272542
ribeiro,9,16,rmsprop,0.01,2023-09-24T14:41:50.882376,2023-09-24T14:44:24.826252,0.2432272136211395,0.789796769618988,0.8145155610442426,0.6567132186550867,0.7168615632207878,0.2734012305736542,0.7748278975486755,0.7774641190818936,0.6152284278394625,0.6727081116218192,0.282985657453537,0.764390230178833,0.7702228149537158,0.6107262788346981,0.6664396286967935
rajpurkar,10,16,rmsprop,0.1,2023-09-24T14:44:35.854014,2023-09-24T14:53:36.363014,0.4095873236656189,0.5655964016914368,0.3312935034008638,0.4220494036699305,0.3648134422919504,0.4124303460121155,0.5663716793060303,0.3369162997794893,0.4260579610181892,0.3720754965284085,0.4241470396518707,0.5663414597511292,0.3247299322916763,0.4114766682705806,0.359537139669237
ribeiro,11,16,rmsprop,0.1,2023-09-24T14:53:53.206009,2023-09-24T14:59:49.961956,0.1901881247758865,0.8196942806243896,0.893508127495737,0.698474324945786,0.76784658069614,0.3062725961208343,0.7571288347244263,0.8090554901586904,0.6100610183811138,0.6770876769448146,0.3160732984542846,0.7463414669036865,0.7740019802104597,0.5925129660732074,0.6496575556087201
rajpurkar,12,16,adam,0.001,2023-09-24T15:00:00.477423,2023-09-24T15:13:15.665899,0.1714797019958496,0.8048990368843079,0.8491418599088918,0.749844740398131,0.7935147446296251,0.2652534544467926,0.7443461418151855,0.7634623657753106,0.6567631208672177,0.7027064389396909,0.2635038197040558,0.7546341419219971,0.7561771386383132,0.6518328891237362,0.6955233061719605
ribeiro,13,16,adam,0.001,2023-09-24T15:13:32.785166,2023-09-24T15:16:05.353512,0.2209909558296203,0.8021978139877319,0.85403655110129,0.6565494525335283,0.720736351089395,0.2739284932613373,0.7738446593284607,0.796292682515171,0.5933125282173135,0.6499448875741476,0.2826899886131286,0.7599999904632568,0.7832038846188526,0.5860353558672469,0.643086847685193
rajpurkar,14,16,adam,0.01,2023-09-24T15:16:16.097928,2023-09-24T15:30:36.282209,0.2152166068553924,0.7758610248565674,0.8331522952323904,0.7142832575871548,0.7654619901423353,0.2679513990879059,0.7281219363212585,0.7644613589920647,0.645783682461185,0.696215854707415,0.2733440399169922,0.7400000095367432,0.7646214258145753,0.6422093757361206,0.6924994667950021
ribeiro,15,16,adam,0.01,2023-09-24T15:30:53.617085,2023-09-24T15:34:49.761774,0.1956051886081695,0.7966725826263428,0.8240630554202657,0.7287721945060521,0.7722221575640787,0.2525593042373657,0.7645034193992615,0.7647739048567237,0.6635261751878629,0.7078062944926892,0.2612566351890564,0.7512195110321045,0.7534255702030095,0.6521434712159163,0.6958726304208498
rajpurkar,16,16,adam,0.1,2023-09-24T15:35:01.157412,2023-09-24T15:42:14.382356,0.5318525433540344,0.4630118608474731,0.0666666444444518,4.921259841308745e-05,9.835259402548498e-05,0.5304797887802124,0.4631268382072449,0.0,0.0,0.0,0.5301450490951538,0.46536585688591,0.0,0.0,0.0
ribeiro,17,16,adam,0.1,2023-09-24T15:42:31.642368,2023-09-24T15:48:25.478139,0.2817848026752472,0.7735281586647034,0.4889867736315236,0.4625039511668435,0.4752747726470026,0.3160876929759979,0.7472959756851196,0.4675170459860901,0.432903257396976,0.4491658162637531,0.3186717927455902,0.7482926845550537,0.4648807662867301,0.4340385112631143,0.4480820795492487
rajpurkar,18,32,sgd,0.001,2023-09-24T15:48:36.229423,2023-09-24T16:09:34.575166,0.3266242742538452,0.7241696715354919,0.7517843005016949,0.5360779354033091,0.5792304489022999,0.3534396290779114,0.7069813013076782,0.7155497506197925,0.5074806069847073,0.5435493159742173,0.3738118410110473,0.6985365748405457,0.7356394797677304,0.4952819294128333,0.5348246317666787
ribeiro,19,32,sgd,0.001,2023-09-24T16:09:51.678506,2023-09-24T16:22:14.580874,0.2693894505500793,0.7638283371925354,0.8063116654890978,0.6261894465500265,0.6829994232741929,0.3240702450275421,0.7335299849510193,0.7515679983376083,0.5682518947058675,0.6197212557325509,0.3336386084556579,0.7312195301055908,0.7391846105558335,0.5627225047983633,0.613530852055574
rajpurkar,20,32,sgd,0.01,2023-09-24T16:22:25.429751,2023-09-24T16:29:44.452322,0.2925798594951629,0.752225399017334,0.7563701541163705,0.5766282974201307,0.6116135490760068,0.3214775025844574,0.7310717701911926,0.7098987326462199,0.5469206254690446,0.579405168590424,0.3293114006519317,0.735609769821167,0.7206601995180184,0.5486501878811844,0.5850946729916402
ribeiro,21,32,sgd,0.01,2023-09-24T16:30:01.219329,2023-09-24T16:32:48.845335,0.2698164880275726,0.7761679887771606,0.8094339077031781,0.6062261458375917,0.66590112620326,0.3133215010166168,0.755162239074707,0.7639871307301795,0.5656350422665166,0.616872380303006,0.3255881071090698,0.7502439022064209,0.7547622653545039,0.5436538227873647,0.5969166827665304
rajpurkar,22,32,sgd,0.1,2023-09-24T16:32:59.709315,2023-09-24T16:38:59.867510,0.2824557423591614,0.7513659596443176,0.8191473607865951,0.5764493859876626,0.6212139632945413,0.3280001878738403,0.7266470193862915,0.7929521050451769,0.5313813109025544,0.5692135039690489,0.3400490581989288,0.7273170948028564,0.7648519633022557,0.5353099775634879,0.5700185614139492
ribeiro,23,32,sgd,0.1,2023-09-24T16:39:16.837265,2023-09-24T16:42:03.757617,0.1871234029531479,0.8095647096633911,0.8466868223512591,0.7347443049012599,0.7821610270042136,0.3041403293609619,0.7418879270553589,0.724295204669685,0.610496992207424,0.656319367609486,0.3138167262077331,0.7400000095367432,0.7188582683517126,0.6073851565253828,0.6502060768318929
rajpurkar,24,32,rmsprop,0.001,2023-09-24T16:42:14.849218,2023-09-24T16:54:21.377948,0.185678943991661,0.7918227314949036,0.8139395967951089,0.7386422147288656,0.7725988722407007,0.2685722410678863,0.7369714975357056,0.7417334227436988,0.6650866782867966,0.6998004413767233,0.2744640409946441,0.7424390316009521,0.739870143310478,0.6570328819935249,0.6922229719355129
ribeiro,25,32,rmsprop,0.001,2023-09-24T16:54:38.426168,2023-09-24T16:57:03.752590,0.211345374584198,0.7871569991111755,0.8262852874111914,0.6846743812538979,0.7415035912342598,0.2815049588680267,0.7443461418151855,0.7470793385051476,0.6080961130234189,0.66091877096759,0.2994624376296997,0.7439024448394775,0.7311676019555762,0.5934627730978156,0.6432833592641459
rajpurkar,26,32,rmsprop,0.01,2023-09-24T16:57:14.403141,2023-09-24T17:06:59.196983,0.2244810163974762,0.7883234024047852,0.8267755133754324,0.6856428342937033,0.7427184190890437,0.2643091082572937,0.7595870494842529,0.7746525372171167,0.6377991582713647,0.6921249519009314,0.2818153798580169,0.7663414478302002,0.7729466292835634,0.627195572123247,0.6815315246837205
ribeiro,27,32,rmsprop,0.01,2023-09-24T17:07:15.933009,2023-09-24T17:10:32.220944,0.242539033293724,0.7864816784858704,0.7518466688152895,0.6910010684271132,0.7172844286931288,0.2845449447631836,0.7605702877044678,0.7201397720813267,0.6498995342976821,0.6791092681981035,0.2848863899707794,0.7521951198577881,0.7031026039346557,0.6373571717099134,0.6645507341040723
rajpurkar,28,32,rmsprop,0.1,2023-09-24T17:10:43.525323,2023-09-24T17:41:46.350291,0.2204317897558212,0.7862975001335144,0.8414833296946116,0.6838435680251889,0.7437851162131387,0.2834143936634063,0.7315634489059448,0.7523676463392068,0.6182724751753096,0.6702492926732148,0.2850612103939056,0.7507317066192627,0.7504155118603397,0.6131442814345853,0.6653379049653765
ribeiro,29,32,rmsprop,0.1,2023-09-24T17:42:03.468729,2023-09-24T17:45:40.659926,0.3035273551940918,0.7403155565261841,0.8214753331204658,0.5481647855427452,0.6297171009276854,0.3283360004425049,0.7123894095420837,0.797878948611942,0.5023293672210771,0.58248064800907,0.3345412611961365,0.7029268145561218,0.773812937592796,0.5053679287048273,0.5811291716404386
rajpurkar,30,32,adam,0.001,2023-09-24T17:45:51.381938,2023-09-24T17:55:20.068713,0.2107912302017212,0.789060115814209,0.8247190923201131,0.6972678168225503,0.7504024320305658,0.2572923302650451,0.7586037516593933,0.7793302698349309,0.656240695743488,0.7068529477064831,0.2665378153324127,0.7614634037017822,0.759305944372155,0.6340721645034021,0.683543147651315
ribeiro,31,32,adam,0.001,2023-09-24T17:55:37.234435,2023-09-24T17:58:01.758333,0.2367618381977081,0.7483577728271484,0.8280460612390981,0.6706253382956326,0.7276393970222796,0.2822392880916595,0.7163225412368774,0.76031436324624,0.6157012057043214,0.6691382525499018,0.2947765588760376,0.7195122241973877,0.7609593545160459,0.6039628229818091,0.6595445364115485
rajpurkar,32,32,adam,0.01,2023-09-24T17:58:12.361337,2023-09-24T18:12:31.548632,0.1931474357843399,0.8041009306907654,0.861270818937054,0.699376267519608,0.758740089052564,0.255243569612503,0.752212405204773,0.7949091828500184,0.6341910864053055,0.6910237692009618,0.2616336345672607,0.7639024257659912,0.7924396320325868,0.6217200151511084,0.6806713016096665
ribeiro,33,32,adam,0.01,2023-09-24T18:12:49.084313,2023-09-24T18:16:51.720547,0.1898175626993179,0.7856221795082092,0.8291649276045862,0.7334744227706619,0.7768000658897598,0.2591831386089325,0.7305801510810852,0.7565690875843916,0.6504515754051106,0.6967713455923159,0.2616671323776245,0.7385365962982178,0.7585036444365258,0.6550301100487307,0.6994226034448138
rajpurkar,34,32,adam,0.1,2023-09-24T18:17:03.124507,2023-09-24T18:33:05.761799,0.2124378532171249,0.7977776527404785,0.8378459108811599,0.679731847774537,0.7419762468364971,0.2628413438796997,0.7590953707695007,0.7741692266138702,0.6223025173158142,0.6830056785470126,0.2713830769062042,0.7682926654815674,0.7747564194396757,0.6136289244880921,0.6747295529236619
ribeiro,35,32,adam,0.1,2023-09-24T18:33:23.007428,2023-09-24T18:38:01.974147,0.2935154438018799,0.76659095287323,0.7373966374526033,0.5681875111867791,0.625766436804198,0.3131802678108215,0.7517207264900208,0.7228330714024745,0.5371323620024111,0.5909131152706081,0.3125412464141845,0.7541463375091553,0.7339876295089243,0.5346918085180324,0.591606075214362
rajpurkar,36,64,sgd,0.001,2023-09-24T18:38:12.908732,2023-09-24T18:53:34.056949,0.3601066470146179,0.7093130350112915,0.7477726227320429,0.5049186364567401,0.5580697745900781,0.3880231380462646,0.6961652040481567,0.7557526709948721,0.4765721453414341,0.5261695568922914,0.40092334151268,0.6800000071525574,0.7449616855984356,0.4658303800761232,0.5196874739490612
ribeiro,37,64,sgd,0.001,2023-09-24T18:53:51.393201,2023-09-24T19:03:58.467242,0.2822112739086151,0.7527779340744019,0.7937706897893388,0.6033992239071375,0.6642343986678222,0.3198332786560058,0.7369714975357056,0.7456264130623648,0.5625721962321885,0.616399032413461,0.3338430821895599,0.7351219654083252,0.7160221293242017,0.540899539065172,0.5933623923966661
rajpurkar,38,64,sgd,0.01,2023-09-24T19:04:09.421341,2023-09-24T19:13:49.323972,0.2682514488697052,0.7734667658805847,0.8440274257817176,0.5967202400148743,0.6447489231410538,0.3260025382041931,0.737463116645813,0.7701828282862083,0.5460677441421424,0.5851995977322683,0.3334211707115173,0.7336585521697998,0.78546609373132,0.5483704997486724,0.591683373021388
ribeiro,39,64,sgd,0.01,2023-09-24T19:14:06.361442,2023-09-24T19:18:43.737629,0.2055381387472152,0.7949536442756653,0.8520404827238128,0.6860545283431876,0.7422295317335064,0.2902936637401581,0.7512291073799133,0.7690067872454736,0.6044565725482677,0.6571393280336318,0.2961355447769165,0.7424390316009521,0.7390608861134281,0.5956509173790618,0.641874160257255
rajpurkar,40,64,sgd,0.1,2023-09-24T19:18:54.555815,2023-09-24T19:25:31.746270,0.2878267168998718,0.7611271142959595,0.7901997421896664,0.6441255532718777,0.6892431401428866,0.3651242554187774,0.7305801510810852,0.7431576692864106,0.5932432648934564,0.6344987521045384,0.3799219727516174,0.7243902683258057,0.7290272745033556,0.5765705027508167,0.6149235081797055
ribeiro,41,64,sgd,0.1,2023-09-24T19:25:49.034266,2023-09-24T19:28:51.769443,0.166365846991539,0.812450110912323,0.8720834587120766,0.723576022730968,0.7665634840192047,0.3015914559364319,0.7384464144706726,0.7482816656424813,0.5972023834797466,0.6377589346048538,0.3062843680381775,0.72829270362854,0.7586164030167409,0.5949903949753327,0.6382138614971591
rajpurkar,42,64,rmsprop,0.001,2023-09-24T19:29:02.746630,2023-09-24T19:40:27.246051,0.1847976148128509,0.7959973216056824,0.8563490290758002,0.7089692745182715,0.7620326483163814,0.2626347243785858,0.74631267786026,0.7758613455113798,0.6323507956853871,0.6812052482152963,0.2689604759216308,0.7546341419219971,0.7721938027302955,0.6218735985980903,0.6722985015696
ribeiro,43,64,rmsprop,0.001,2023-09-24T19:40:44.391156,2023-09-24T19:43:11.539833,0.2268062829971313,0.771072506904602,0.7429256084951825,0.6811400043905083,0.7056549837940198,0.2877418994903564,0.7305801510810852,0.695720173185903,0.6255095756423924,0.6545159956500742,0.3033386170864105,0.7273170948028564,0.6784777607240418,0.6072046840423966,0.6361605807905695
rajpurkar,44,64,rmsprop,0.01,2023-09-24T19:43:22.509191,2023-09-24T19:57:38.434237,0.2022197842597961,0.7929277420043945,0.8308074094481654,0.7096847394254648,0.759751225922212,0.2675405740737915,0.7566371560096741,0.7626849874386551,0.6440227614674199,0.6912684918991321,0.2856900691986084,0.7517073154449463,0.749835940051031,0.625691199146703,0.6722804376130224
ribeiro,45,64,rmsprop,0.01,2023-09-24T19:57:55.485118,2023-09-24T20:01:44.428654,0.2180028855800628,0.7909632325172424,0.7883975116262225,0.6971390077151325,0.7277638295342258,0.2685858011245727,0.7600786685943604,0.7408244750075597,0.6446733410092361,0.6769295334586294,0.2818789780139923,0.7487804889678955,0.7281152637685255,0.6333511871239432,0.6612980251567172
rajpurkar,46,64,rmsprop,0.1,2023-09-24T20:01:55.610807,2023-09-24T20:33:46.891775,0.1958007514476776,0.7909018397331238,0.8489139074509072,0.7067294472065806,0.7582772819336188,0.2722823619842529,0.7276302576065063,0.740668035822342,0.6145867163334955,0.6609436048594823,0.2720661163330078,0.7370731830596924,0.744991022302463,0.6123427347068242,0.6616816074002672
ribeiro,47,64,rmsprop,0.1,2023-09-24T20:34:03.836820,2023-09-24T20:40:47.703869,0.1874486654996872,0.8070477247238159,0.843821664918023,0.7068279784545018,0.7526179503950973,0.2968216836452484,0.7104228138923645,0.7521393850632154,0.6083040264022485,0.6556835970758209,0.2950479984283447,0.7209756374359131,0.7474168615825839,0.6121612740336837,0.6584337552136752
rajpurkar,48,64,adam,0.001,2023-09-24T20:40:58.638044,2023-09-24T20:50:37.538810,0.2089521437883377,0.7846399545669556,0.7917179106152787,0.6998657578671506,0.7392064760987112,0.2573312520980835,0.7512291073799133,0.7352034730593848,0.6338023198631407,0.6748042573551749,0.2646685838699341,0.7468292713165283,0.7163506177130758,0.6192402930502862,0.6577489225865588
ribeiro,49,64,adam,0.001,2023-09-24T20:50:54.341842,2023-09-24T20:53:30.588928,0.2250318229198455,0.7778255343437195,0.8753624180976602,0.6452430207944575,0.7201760491916741,0.2890685796737671,0.7413962483406067,0.8005774996746279,0.5868417255944267,0.6545010373316336,0.3001028895378113,0.735609769821167,0.7926238145454578,0.5814582631710239,0.6474606281553944
rajpurkar,50,64,adam,0.01,2023-09-24T20:53:41.530721,2023-09-24T21:09:59.049282,0.1788839250802993,0.7910860180854797,0.8549629124604685,0.7315760018764039,0.7825582868066864,0.2588253021240234,0.7325466871261597,0.7725282055714943,0.6477870664549981,0.698754733838328,0.2642259001731872,0.740487813949585,0.7596528743155131,0.6366663001263266,0.6863030358965934
ribeiro,51,64,adam,0.01,2023-09-24T21:10:16.466013,2023-09-24T21:14:32.675847,0.1636941730976104,0.8236846923828125,0.894397668978006,0.7472579546567293,0.8097249560374831,0.2633123695850372,0.755162239074707,0.7790273343102622,0.6306345480245589,0.6904853359105503,0.2657775282859802,0.7453658580780029,0.7726102489471357,0.6259388031771755,0.6841442021089252
rajpurkar,52,64,adam,0.1,2023-09-24T21:14:44.261147,2023-09-24T21:31:34.337730,0.5324719548225403,0.4629504680633545,0.0,0.0,0.0,0.5307586789131165,0.4631268382072449,0.0,0.0,0.0,0.5304259657859802,0.46536585688591,0.0,0.0,0.0
ribeiro,53,64,adam,0.1,2023-09-24T21:31:51.685421,2023-09-24T21:36:51.139445,0.2796764373779297,0.7760452032089233,0.7841199883137104,0.5616696487590632,0.6192086461346733,0.3147452473640442,0.7581120729446411,0.765807013277618,0.5335729405092862,0.5872222746765082,0.313557505607605,0.7409756183624268,0.7628788019424636,0.5177192867036344,0.5765064129989221
rajpurkar,54,128,sgd,0.001,2023-09-24T21:37:02.764263,2023-09-24T21:50:00.020698,0.3658570051193237,0.677757978439331,0.7100571547820622,0.4815498119601412,0.5290132411999299,0.3896559476852417,0.6647000908851624,0.685004584791814,0.4544050344808538,0.4970667064605986,0.3978033065795898,0.6580488085746765,0.6878196942117257,0.4409725036352345,0.4870567987162932
ribeiro,55,128,sgd,0.001,2023-09-24T21:50:17.238089,2023-09-24T21:59:04.974806,0.310718685388565,0.7431395649909973,0.7999536782983464,0.5706797162211744,0.6285265998630486,0.3508355319499969,0.7251721024513245,0.7663267801213637,0.536840598788075,0.5904317772501321,0.3682444393634796,0.7209756374359131,0.7451505163845273,0.5223011274918958,0.5755109166705205
rajpurkar,56,128,sgd,0.01,2023-09-24T21:59:16.500159,2023-09-24T22:06:46.172477,0.3084600865840912,0.7490944862365723,0.7663671309820026,0.5871009257246449,0.634295615970909,0.3518356382846832,0.7335299849510193,0.7266484870860187,0.5615999607712971,0.6059132562606272,0.3601535856723785,0.730731725692749,0.71438147442831,0.5432294435184545,0.5885105216533584
ribeiro,57,128,sgd,0.01,2023-09-24T22:07:03.509562,2023-09-24T22:10:04.315708,0.2801063656806946,0.7244766354560852,0.7864107923029271,0.6130852562808965,0.6688106675667607,0.3353353142738342,0.6971485018730164,0.734130532871016,0.5619224566683558,0.6160504840596358,0.3388976454734802,0.6946341395378113,0.7480276367032834,0.5528877944912649,0.608103470209823
rajpurkar,58,128,sgd,0.1,2023-09-24T22:10:15.092763,2023-09-24T22:18:20.825854,0.272465705871582,0.7017619013786316,0.8557488631530289,0.6130941529419671,0.6484350694181596,0.4083788692951202,0.6327433586120605,0.7593217181590722,0.5046675469750033,0.5286475951662718,0.4252750277519226,0.6326829195022583,0.7613791004073613,0.5081318388168572,0.5375620654785317
ribeiro,59,128,sgd,0.1,2023-09-24T22:18:37.944872,2023-09-24T22:21:18.111371,0.1911531686782837,0.7957517504692078,0.8362356508481188,0.7213946660580006,0.770712496271295,0.2941202223300934,0.7418879270553589,0.7375275812777827,0.6241070328473609,0.6678687925630777,0.2995349764823913,0.7424390316009521,0.7345255138464624,0.6244938547636198,0.6679342628262834
rajpurkar,60,128,rmsprop,0.001,2023-09-24T22:21:29.352959,2023-09-24T22:32:04.631834,0.2166553139686584,0.7809564471244812,0.792391505494723,0.7043400522351353,0.7423314124734929,0.2739650011062622,0.7354965806007385,0.7379896088220497,0.647213696926088,0.6865771909557186,0.2779180109500885,0.7424390316009521,0.7336525110220772,0.6424988765319216,0.6797943875717289
ribeiro,61,128,rmsprop,0.001,2023-09-24T22:32:21.853689,2023-09-24T22:34:30.760922,0.2473480999469757,0.7677573561668396,0.8233303579704911,0.6328817011411509,0.7047992206913744,0.2879182994365692,0.7345132827758789,0.7780665546250667,0.5894630960345828,0.6577109336115223,0.3072067201137543,0.7473170757293701,0.7735807802567425,0.5852881190513588,0.6515890328424148
rajpurkar,62,128,rmsprop,0.01,2023-09-24T22:34:41.634690,2023-09-24T22:47:12.966773,0.2191280573606491,0.7927435636520386,0.8483368313748342,0.6725745771635515,0.743614379068039,0.2624573111534118,0.7586037516593933,0.795787825555067,0.6146442303399817,0.6837960402415171,0.2713868916034698,0.7609755992889404,0.7903157364557029,0.6080839520121839,0.6779733744286693
ribeiro,63,128,rmsprop,0.01,2023-09-24T22:47:30.124882,2023-09-24T22:50:13.389656,0.2473526000976562,0.760820209980011,0.7844711395428621,0.6443108504736857,0.6912306390631788,0.2693150043487549,0.7458210587501526,0.7681017801455519,0.6187771663010202,0.6661933431264739,0.2818169295787811,0.7278048992156982,0.7463960914177121,0.6042223112913632,0.6514374223131297
rajpurkar,64,128,rmsprop,0.1,2023-09-24T22:50:24.203220,2023-09-24T23:08:43.739792,0.2512401938438415,0.7927435636520386,0.8321344896449764,0.6270524999574836,0.7087840046179632,0.290688544511795,0.7590953707695007,0.7620537569684231,0.574958625766297,0.6488284556757907,0.2945699393749237,0.7614634037017822,0.7712124986168264,0.573281297842076,0.6496566810825121
ribeiro,65,128,rmsprop,0.1,2023-09-24T23:09:01.048670,2023-09-24T23:15:23.172586,0.1957435607910156,0.8238074779510498,0.8655468034845214,0.7143165259521516,0.7724374546953807,0.2789605855941772,0.7497541904449463,0.7785046329812877,0.6254947686561458,0.6829684791411642,0.2831063568592071,0.757073163986206,0.760608357101044,0.613252903603204,0.6647735185710905
rajpurkar,66,128,adam,0.001,2023-09-24T23:15:34.739927,2023-09-24T23:28:31.186285,0.1655318588018417,0.8071705102920532,0.8534558520702014,0.7527094872677857,0.7976117718106226,0.2505905330181122,0.7561455368995667,0.7738958014527691,0.6623384586807451,0.7106380514053782,0.2647242248058319,0.7590243816375732,0.7563798997037138,0.6483518794954379,0.694233107293134
ribeiro,67,128,adam,0.001,2023-09-24T23:28:48.447184,2023-09-24T23:31:13.073241,0.2285791486501693,0.7644422650337219,0.7997095408922821,0.6679947895073102,0.7209154986264199,0.2701270282268524,0.7276302576065063,0.741679351665901,0.6129134799586228,0.6647235121235442,0.2846673727035522,0.7341463565826416,0.7352532628430609,0.6044312926152744,0.6559594771167856
rajpurkar,68,128,adam,0.01,2023-09-24T23:31:23.944481,2023-09-24T23:43:42.425830,0.2127905339002609,0.7847013473510742,0.8387875713837609,0.6853695879355384,0.7462434288951719,0.264637142419815,0.7369714975357056,0.7708448278538089,0.6257994894209985,0.6829540974425005,0.2723575234413147,0.7517073154449463,0.7622977688421938,0.6101911184908623,0.6676209513832162
ribeiro,69,128,adam,0.01,2023-09-24T23:43:59.712727,2023-09-24T23:48:06.976065,0.1829532086849212,0.8177297711372375,0.8683844865072226,0.7208380549258486,0.780742748829668,0.2589263021945953,0.7684365510940552,0.7789887014673443,0.6383063376758047,0.6920763307480563,0.2721566557884216,0.7590243816375732,0.7868681301886522,0.6288957004635641,0.686766958188231
rajpurkar,70,128,adam,0.1,2023-09-24T23:48:18.687448,2023-09-24T23:58:03.958923,0.3194876611232757,0.7260113954544067,0.7758430099157907,0.464959698549054,0.5178437690709511,0.3305271863937378,0.7246804237365723,0.7669287357855928,0.4577714266168467,0.5115073126547873,0.3427684009075165,0.707317054271698,0.7632243487553478,0.446035527801271,0.4999670027603463
ribeiro,71,128,adam,0.1,2023-09-24T23:58:21.319731,2023-09-25T00:02:21.204203,0.2813973128795624,0.7572594881057739,0.7826559656506443,0.5753241418645378,0.6307643556684953,0.3074130713939667,0.7241888046264648,0.7464326655907895,0.5420832403916614,0.5933116429607765,0.3169592022895813,0.7360975742340088,0.7361704410641396,0.524341399285495,0.5728870450508075
rajpurkar,72,256,sgd,0.001,2023-09-25T00:02:32.877731,2023-09-25T00:14:57.060377,0.3842272460460663,0.6806433796882629,0.7355256903960823,0.477775702982499,0.5241754047040901,0.4094305336475372,0.6647000908851624,0.7220784659528882,0.4518557555403587,0.4938025871260895,0.4293816685676574,0.6624390482902527,0.7155856229604589,0.4363065256243938,0.4776229574446982
ribeiro,73,256,sgd,0.001,2023-09-25T00:15:14.289443,2023-09-25T00:24:17.778470,0.2960310876369476,0.7474369406700134,0.7907515570917094,0.5831558584335216,0.6387462304834279,0.3322226405143738,0.7276302576065063,0.7382347911525888,0.5487363635198421,0.6006895652286122,0.3416102826595306,0.7234146595001221,0.7583985529889945,0.5353463060575784,0.5886246009503519
rajpurkar,74,256,sgd,0.01,2023-09-25T00:24:28.553043,2023-09-25T00:39:31.207039,0.1959758102893829,0.8241758346557617,0.8830192975573311,0.6870033242928082,0.7429869210577067,0.3329968154430389,0.76106196641922,0.7721474957267779,0.5818407122125043,0.6281106886473211,0.3370527625083923,0.764390230178833,0.7645032863168465,0.5715325662916825,0.6187212521171354
ribeiro,75,256,sgd,0.01,2023-09-25T00:39:48.317556,2023-09-25T00:43:55.640526,0.2224459648132324,0.784394383430481,0.8382228807331046,0.6607100616038339,0.7167656079704393,0.2991248965263366,0.7438544631004333,0.7550528001048333,0.5855584626303931,0.6367606203387741,0.3026069402694702,0.7317073345184326,0.7491626637728115,0.5742088499597399,0.6217424552305941
rajpurkar,76,256,sgd,0.1,2023-09-25T00:44:06.472037,2023-09-25T00:53:28.297751,0.1221627444028854,0.8140462636947632,0.9366227203213724,0.818332915709503,0.8660228789787446,0.389610081911087,0.6976401209831238,0.7137930932966294,0.5618749062365213,0.6130256564742358,0.3944296240806579,0.6995121836662292,0.7185764156922082,0.5566455704791758,0.6092896477791461
ribeiro,77,256,sgd,0.1,2023-09-25T00:53:45.184106,2023-09-25T00:57:01.512346,0.1307873129844665,0.8500828742980957,0.9355437423947296,0.7593906310830963,0.8204894091723821,0.3237428963184356,0.7399213314056396,0.7869563734148428,0.5885249968638185,0.6439307985069957,0.3258954882621765,0.7365853786468506,0.7628350587015532,0.5781646113781902,0.6329869537936526
rajpurkar,78,256,rmsprop,0.001,2023-09-25T00:57:12.440587,2023-09-25T01:08:30.662847,0.190645545721054,0.8042851090431213,0.8192923353523429,0.7219725037855511,0.765023465589514,0.2754041850566864,0.7600786685943604,0.7467161796520484,0.6458084495591017,0.6884458597426375,0.2825285196304321,0.7497560977935791,0.732659569076105,0.639476051665486,0.6778821434389994
ribeiro,79,256,rmsprop,0.001,2023-09-25T01:08:47.683402,2023-09-25T01:11:19.884519,0.2394418865442276,0.7627847194671631,0.8352177835741046,0.6628758844925153,0.7177325931739998,0.3102519512176513,0.7217305898666382,0.7475166312772337,0.5859100937126973,0.6376539560127895,0.3150196671485901,0.7078048586845398,0.7359642036275962,0.5752103652897264,0.625868139678088
rajpurkar,80,256,rmsprop,0.01,2023-09-25T01:11:30.900374,2023-09-25T01:22:58.708270,0.2125015705823898,0.7878936529159546,0.8009893985762199,0.6993708168928918,0.7393305307303558,0.2604390978813171,0.7438544631004333,0.7478279568987457,0.6498771845043848,0.6881862563220188,0.2673019766807556,0.7507317066192627,0.7313942619039924,0.6341429089586673,0.671794928274717
ribeiro,81,256,rmsprop,0.01,2023-09-25T01:23:16.047610,2023-09-25T01:26:35.822098,0.2561798393726349,0.76155686378479,0.794618759864187,0.665948323483276,0.7094205165268591,0.2961050868034363,0.7487708926200867,0.7591365926046763,0.6274801576109705,0.67186023368663,0.2989268898963928,0.7390244007110596,0.7524465303877534,0.6100819279792987,0.6567664254335662
rajpurkar,82,256,rmsprop,0.1,2023-09-25T01:26:46.875051,2023-09-25T01:41:02.053161,0.5388663411140442,0.462152361869812,0.1962146949231422,0.1998514238494333,0.1094172778322168,0.5382217168807983,0.4631268382072449,0.2299134698927379,0.201081837755322,0.1116691185144013,0.5337993502616882,0.4643902480602264,0.0749311294470952,0.1993717275399248,0.1089244850947012
ribeiro,83,256,rmsprop,0.1,2023-09-25T01:41:19.128290,2023-09-25T01:47:50.233664,0.1882066577672958,0.8308060765266418,0.8345124880698422,0.7317397503093522,0.7768672060620144,0.2795662879943847,0.7566371560096741,0.7273400836142698,0.622613492025174,0.6668847990758854,0.2802721560001373,0.7512195110321045,0.731920930427546,0.6217572113188783,0.6678736395326685
rajpurkar,84,256,adam,0.001,2023-09-25T01:48:01.863879,2023-09-25T02:00:02.812583,0.2040336728096008,0.7806495428085327,0.8284950341017068,0.7166662740487504,0.7620049731369163,0.2646560668945312,0.7379547953605652,0.764648889601802,0.6552577697661586,0.6999981349239258,0.2636298239231109,0.7482926845550537,0.7687103908312344,0.6433410436711999,0.6912799738960353
ribeiro,85,256,adam,0.001,2023-09-25T02:00:20.243450,2023-09-25T02:02:50.517620,0.2393770515918731,0.7671434879302979,0.7857459623816241,0.6844976544144448,0.7252739658020577,0.2870615720748901,0.7330383658409119,0.7339284965273918,0.6325587058649962,0.6731242965827184,0.2891851961612701,0.7385365962982178,0.7267485893219983,0.6273609288382863,0.6661783362580699
rajpurkar,86,256,adam,0.01,2023-09-25T02:03:01.597882,2023-09-25T02:18:59.871272,0.1788518875837326,0.8004174828529358,0.8650369571589767,0.7385650219145424,0.7916339654024155,0.2559296190738678,0.7472959756851196,0.7682191216894154,0.6507349208391486,0.6999748882418985,0.2595003247261047,0.7536585330963135,0.7687248670773446,0.6396770374754672,0.6912714121909636
ribeiro,87,256,adam,0.01,2023-09-25T02:19:17.038415,2023-09-25T02:22:27.657003,0.2207998782396316,0.7921910285949707,0.8421889680185792,0.678402101402273,0.7366199289991979,0.2639206945896148,0.755162239074707,0.7899270467574074,0.6276153070726712,0.6836730649308234,0.2650873363018036,0.7639024257659912,0.7860028694930199,0.6184001654991877,0.6753615355199795
rajpurkar,88,256,adam,0.1,2023-09-25T02:22:38.642317,2023-09-25T02:32:15.910209,0.5348899364471436,0.4649149775505066,0.1985293994431236,0.000933217121721,0.0018565755090879,0.5304322838783264,0.4650934040546417,0.1999998000002,0.0004024144861118,0.0008032128497927,0.5304703116416931,0.4668292701244354,0.2666664444446519,0.0008835341345784,0.0017585410015601
ribeiro,89,256,adam,0.1,2023-09-25T02:32:33.104743,2023-09-25T02:38:42.512278,0.2786247730255127,0.7853766083717346,0.7622984249424791,0.5570180416575846,0.6323448485340135,0.3156993389129638,0.7571288347244263,0.7197727042623663,0.5189290267622289,0.5880843859626522,0.3195236027240753,0.7541463375091553,0.7064596040966105,0.5123519585907037,0.5787537816636427
